,text,scam
0,"#notafilia #monety #coins #zÅ‚oty #Polish #zloty 
1 grudnia 2022 r. Narodowy Bank Polski (National Bank of Poland; NBP) wyemituje monety kolekcjonerskie serii Skarby StanisÅ‚awa Augusta â€“ August II Mocny

https://t.co/9XsAuEB6Z6",0
1,"@EmiliaKaminska @LBalcerowicz Ma temat Balcerowicza jest b.ciekawa opinia Å›p.J.Targalskiego w archiwum @TVRepublikapl .Poza tym Balc. byÅ‚ wicepremierem i formalnie nadzorowaÅ‚ FOZZ.Balce. na naradzie(91r),zachowaÅ‚ siÄ™ po chamsku wobec M.Falzmanna.W ministerstwie fin.(i NBP),w rzÄ…dzie roiÅ‚o siÄ™ od TW WSI i SB.",0
2,"RT @AgnKaminska: Ekspert Tuska, studia w ZSRR i nagroda od Kiszczaka. Kto wspiera PO w usuniÄ™ciu szefa NBP? https://t.co/Wr824H90Jd #wieszwâ€¦",0
3,"Ekspert Tuska, studia w ZSRR i nagroda od Kiszczaka. Kto wspiera PO w usuniÄ™ciu szefa NBP? https://t.co/Wr824H90Jd #wieszwiecej",0
4,"RT @GrzelinskMa: ""Zapewniam paÅ„stwa, Å¼e gdyby zarzÄ…d NBP i Rada Polityki PieniÄ™Å¼nej zarzÄ…dzaÅ‚y Å›wiatem, to byÅ›my Å¼yli w o wiele lepszym Å›wiâ€¦",0
5,"@KonradPiasecki Wasz ""geniusz"" zrobiÅ‚ teÅ¼ taki numer gosp., ktÃ³ry nazwaliÅ›cie dla niepoznaki ""dziurÄ… Bauca"", a potem jako szef NBP odwalaÅ‚ podobnie zabawne numery i gÅ‚oszÄ…c brednie, jak rÃ³wnie zmanierowany GlapiÅ„skiğŸ™…â€â™‚ï¸
Kto mÃ³gÅ‚ to zrobiÄ‡ lepiej ... chyba kaÅ¼dy ğŸ™„",0
6,"RT @GPopielar: Kiedy w 2007 L.Balcerowicz opuszczaÅ‚ fotel Prezesa NBP, inflacja wynosiÅ‚a 2,3%,a $ kosztowaÅ‚ 2,80 zÅ‚ â€¦",0
7,@smieszny23 @Lukasz_Najder I pod koniec 90 jak siÄ™ z tego gÃ³wna zaczÄ™liÅ›my wygrzebywaÄ‡ Balcer wrÃ³ciÅ‚ jako min. fin. a potem prezes NBP. I pyk  bezrobocie na ponad 20%. ZeszÅ‚o dopiero jak nas do uni wpuÅ›cili i 2 baÅ„ki za pracÄ… wyjechaÅ‚o. CzÅ‚owiek sukces po prostu.,0
8,"@AlexanderGrzeg1 @tomashek123 @YouTube Czy dalej dostrzega Pan remedium? JeÅ›li wÅ‚aÅ›ciwie kojarzÄ™ Pana tweety, przeciwdziaÅ‚aniem stagflacji, biflacji czy infalcji miaÅ‚o byÄ‡ podnoszenie stÃ³p, w zakresie i dynamice odmiennej od dziaÅ‚aÅ„ NBP.",0
9,"RT @rynekpierwotny: NBP pod koniec ub. roku zapytaÅ‚ ok. 200 firm deweloperskich o to, jakie czynniki utrudniaÅ‚y ich dziaÅ‚alnoÅ›Ä‡, zwiÄ…zanÄ… zâ€¦",0
10,"Kiedy w 2007 L.Balcerowicz opuszczaÅ‚ fotel Prezesa NBP, inflacja wynosiÅ‚a 2,3%,a $ kosztowaÅ‚ 2,80 zÅ‚ â€¦",0
11,"2/ Zanim zacznÄ™ dodam, Å¼e jest film (co prawda sÅ‚abej jakoÅ›ci) z tego wystÄ…pienia, ktÃ³ry takÅ¼e polecam, tym bardziej, Å¼e od 50 minuty moÅ¼na zobaczyÄ‡ wykÅ‚ad @AdamCzerniak nt. tego, czym jest mieszkanie a od 1:41h wykÅ‚ad J.KotÅ‚owskiego z NBP nt. modelowania https://t.co/6RBVQdt774",0
12,"RT @BratProfCzelawy: KtoÅ› mi powie, jak ta tÄ™pa baba, ktÃ³ra nie umie napisaÄ‡ poprawnie jednego zdania, zostaÅ‚a profesorem, prezesem NBP i pâ€¦",0
13,"@ObiWanKenobiS24 @RafalDudkiewic1 @DWielowieyska DokÅ‚adnie.
Nie naleÅ¼y zapominaÄ‡ 2 tury Balcerka, a takÅ¼e tego, co odwalaÅ‚ jako szef NBP, gdy m. in. KoÅ‚odko prÃ³bowaÅ‚ ratowaÄ‡ budÅ¼et, ktÃ³ry on rozwaliÅ‚. 

GazWyb-y nazwaÅ‚y efekty jego rzÄ…dÃ³w dla niepoznaki ""dziurÄ… Bauca"" ğŸ™…â€â™‚ï¸",0
14,"@KordysPiotr @Ryszard87537934 @Tomasz5ek To prawda

Bielecki (prywatyzacja z Dochnalem i tworzenie ustawy z szefem NBP Glapinskim, ktÃ³ra jest fundamentem spÃ³Å‚ek tzw mafii paliwowej), Suchocka (Konkordat, zabÃ³jstwo PapaÅ‚y Cygan), Pawlak-Oleksy (TrÃ³jkÄ…t Buchacza, decyzje energetyczne) 

Ta spuÅ›cizna to problem dla PolakÃ³w",0
15,"RT @AllMcBill: UstrÃ³j polityczny w Polsce, 
wedÅ‚ug : 

1. Profesora Leszka Balcerowicza ekonomisty,byÅ‚ego ministra finansÃ³w byÅ‚ego wicepremâ€¦",0
16,"RT @GrzelinskMa: ""Zapewniam paÅ„stwa, Å¼e gdyby zarzÄ…d NBP i Rada Polityki PieniÄ™Å¼nej zarzÄ…dzaÅ‚y Å›wiatem, to byÅ›my Å¼yli w o wiele lepszym Å›wiâ€¦",0
17,"Zgoda ale jest to rÃ³wnieÅ¼ zamkniÄ™te koÅ‚o. Rynek domaga siÄ™ stabilizacji walutowej ale wÅ‚aÅ›nie Ã³w ""umiarkowanie wysoki"" dÅ‚ug, ktÃ³rego koszt zaleÅ¼y od stÃ³p nie pozwala zastosowaÄ‡ najwaÅ¼niejszego mechanizmu interwencji NBP...
@artur_szczepek @Dziennik_N https://t.co/0eFD8V2eqZ",0
18,"RT @MichalskiLukasz: Ciekawostka: #Polska jest na 22. miejscu w Å›wiatowym rankingu posiadanych rezerw fizycznego zÅ‚ota, a nasza rezerwa podâ€¦",0
19,"RT @MichalskiLukasz: Dane #NBP: Raport o inflacji â¬‡
https://t.co/RbUhWcpkVeâ€¦ #NBP #inflacja #Inflacion #Polska #Poland https://t.co/l2ob6Bhâ€¦",0
20,"UstrÃ³j polityczny w Polsce, 
wedÅ‚ug : 

1. Profesora Leszka Balcerowicza ekonomisty,byÅ‚ego ministra finansÃ³w byÅ‚ego wicepremierem i prezesa NBP.  

2.Mariana KuczyÅ„skiego,polskiego ekonomisty,dziennikarza,publicysty i polityka https://t.co/f2f9qmlvbJ",0
21,â€Nie ma Å¼adnego NBP jest Narodowy Bank Polskiâ€â€¦ parafrazujÄ…c Pana Dariusza ğŸ˜ #beztrybu https://t.co/zCXv2d7y78,0
22,"@Anna1Kwiecien Wg NBP tempo wzrostu PKB bÄ™dzie z 50% prawdopodobieÅ„stwem w przedziale 4,3 â€“ 4,9% w 2022 r. (wobec 3,9 â€“ 5,5% w projekcji z lipca 2022 r.),Â -0,3 â€“ 1,6% w 2023 r.Â (wobec 0,2 â€“ 2,3%),Â 1,0 â€“ 3,1% w 2024 r.Â (wobec 1,0 â€“ 3,5%) orazÂ 1,8 â€“ 4,4% w 2025 r.",0
23,"@KamilB22 @DWielowieyska @glorifyday No i co z tego, Å¼e M.Thatcher podniosÅ‚a okresowo podatki? Co z tego wynika dla Polski z rozdÄ™tym i pozbawionym kontroli budÅ¼etem z idiotÄ… na czele rzÄ…du i w NBP? Gdzie sÄ… analogie?",0
24,"RT @BratProfCzelawy: KtoÅ› mi powie, jak ta tÄ™pa baba, ktÃ³ra nie umie napisaÄ‡ poprawnie jednego zdania, zostaÅ‚a profesorem, prezesem NBP i pâ€¦",0
25,"WjechaÅ‚ nowy odcinek #SzanownePanstwo na kanaÅ‚ach @KlubJagiellonsk. PytaÅ‚em @piotrarak, dyr. @PIE_NET_PL o powrÃ³t na Å›cieÅ¼kÄ™ dynamicznego wzrostu, inflacje, budÅ¼etowe ciÄ™cia, decyzje NBP i zmiany ekonomicznych paradygmatÃ³w. Samo gÄ™ste, wiÄ™c mocno zachÄ™cam! https://t.co/f9vPff4G9v",0
26,EkonomiÅ›ci pobÅ‚Ä…dzeni w krytyce NBP &gt;&gt; https://t.co/AnHHDWAF2h  #EkonomiÅ›ci #pobÅ‚Ä…dzeni #w #krytyce #NBP,0
27,"RT @GrzelinskMa: ""Zapewniam paÅ„stwa, Å¼e gdyby zarzÄ…d NBP i Rada Polityki PieniÄ™Å¼nej zarzÄ…dzaÅ‚y Å›wiatem, to byÅ›my Å¼yli w o wiele lepszym Å›wiâ€¦",0
28,"@Viciu13 @KamilDudkowski @lavarde__ @KochanyPrezio @MaxZadyma @Warszawski_R Ze swojej strony, jeÅ›li poglÄ…dy Hayeka sÄ… dla Ciebie nadal niezrozumiaÅ‚e, polecam przypomnienie sobie podstaw, czym sÄ…:
- polityka monetarna, jej instrumenty,
- system waluty zÅ‚otej,
- cele NBP,
- nowoczesna teoria monetarna.

MoÅ¼e po zrozumieniu tych zagadnieÅ„ coÅ› siÄ™ rozjaÅ›ni.",0
29,"RT @GrzelinskMa: ""Zapewniam paÅ„stwa, Å¼e gdyby zarzÄ…d NBP i Rada Polityki PieniÄ™Å¼nej zarzÄ…dzaÅ‚y Å›wiatem, to byÅ›my Å¼yli w o wiele lepszym Å›wiâ€¦",0
30,GoÅ›Ä‡ przebiÅ‚ absurdem konferencje GlapiÅ„skiego z NBP. https://t.co/Pt5fitTITN,0
31,"RT @BratProfCzelawy: KtoÅ› mi powie, jak ta tÄ™pa baba, ktÃ³ra nie umie napisaÄ‡ poprawnie jednego zdania, zostaÅ‚a profesorem, prezesem NBP i pâ€¦",0
32,"@EmiliaKaminska â€â€¦poprzez opisanie roli wiceministra finansÃ³w Janusza Sawickiego w FOZZ i Banku Handlowym, masowej wymianie rubli transferowych za granicÄ…, tajne operacje finansowe dokonywane przez pracownikÃ³w NBP i  Ministerstwa FinansÃ³w za granicÄ…â€¦ 2/x",0
33,"RT @GrzelinskMa: ""Zapewniam paÅ„stwa, Å¼e gdyby zarzÄ…d NBP i Rada Polityki PieniÄ™Å¼nej zarzÄ…dzaÅ‚y Å›wiatem, to byÅ›my Å¼yli w o wiele lepszym Å›wiâ€¦",0
34,"@Bitcoin_Polska Za 5-7 lat to nie bedzie juz bankow,
tylko NBP ğŸ™ˆ i CBDC ğŸ¤£",0
35,@Janusz01130194 @CatherineZaz @WcisloMarta @donaldtusk szefuÅ„cio NBP i KNF: https://t.co/dAP1XCGAqv,0
36,"RT @GrzelinskMa: ""Zapewniam paÅ„stwa, Å¼e gdyby zarzÄ…d NBP i Rada Polityki PieniÄ™Å¼nej zarzÄ…dzaÅ‚y Å›wiatem, to byÅ›my Å¼yli w o wiele lepszym Å›wiâ€¦",0
37,"@BatugWojciech piszÄ™ o tym na TT od pÃ³Å‚ roku i zero analiz, dyskusji, argumentÃ³w ze strony tzw. analitykÃ³w finansowych.
Natomiast o ""straszliwej"" ponoÄ‡ kondycji PLN, GlapiÅ„skim NBP majÄ… same zÅ‚e rzeczy do powiedzenia.
To doskonale pokazuje jakoÅ›Ä‡ tych ""analitykÃ³w"". PodobnÄ… do faÅ‚szowanego zÅ‚ota",0
38,"RT @nbppl: Centrum PieniÄ…dza #NBP zaprasza na wykÅ‚ad on-line â¬‡
â€StanisÅ‚aw KarpiÅ„ski - pierwszy prezes Banku Polskiegoâ€, ktÃ³ry wygÅ‚osi prof.â€¦",0
39,"@Grzegor85661108 @CezaryGraf BÄ™dzie naj dalej NBP bÄ™dzie podnosiÄ‡ stopy ale wpierw 4,39-4,36",0
40,"RT @TomekNarkun: Wzrost cen transakcyjnych nowych mieszkaÅ„ przez ostatnie 5 lat.
Dane: NBP (3q17 do 3q22) https://t.co/WBq7HMeMJQ",0
41,"RT @BratProfCzelawy: KtoÅ› mi powie, jak ta tÄ™pa baba, ktÃ³ra nie umie napisaÄ‡ poprawnie jednego zdania, zostaÅ‚a profesorem, prezesem NBP i pâ€¦",0
42,@JacekPiekara @MartaLokje To prawda. Ale jako szef NBP byÅ‚ dobry.,0
43,"@MarEk18749082 To chyba z innej tabeli korzystasz =) Przede wszystkim - NBP nie raportuje wskaÅºnika 17 miast, wiÄ™c skÄ…d ta liczba? Raportuje dla 7 najwiÄ™kszych miast, 10 mniejszych miast, ale nie dla 17.",0
44,"@koper_adas @lnto_The_Abyss @Leszczyna @DudSlaw Inflacja zaczÄ™Å‚a rosnÄ…Ä‡ w Covidzie, bo rzÄ…dy wypuÅ›ciÅ‚y mnÃ³stwo pieniÄ…dza Å¼eby ratowaÄ‡ stojÄ…ce firmy.
WyjÄ…tek to PL, gdzie inflacja to wynik rozdawnictwa i druku pieniÄ…dza dla suwerena .
luty 2020:
inflacja PL 4,8% = juÅ¼ 2 x wyÅ¼sza niÅ¼ cel NBP i mocno roÅ›nie.
W UE byÅ‚a wtedy 1,7%",0
45,@KapenGenezyp No i majÄ… jeszcze #NBP- z ktÃ³rego sobie drukujÄ…...,0
46,@bargrz Ja miaÅ‚em akurat na myÅ›li choÄ‡by Prezesa NBP ğŸ™ƒ,0
47,"RT @GrzelinskMa: ""Zapewniam paÅ„stwa, Å¼e gdyby zarzÄ…d NBP i Rada Polityki PieniÄ™Å¼nej zarzÄ…dzaÅ‚y Å›wiatem, to byÅ›my Å¼yli w o wiele lepszym Å›wiâ€¦",0
48,"RT @GrzelinskMa: ""Zapewniam paÅ„stwa, Å¼e gdyby zarzÄ…d NBP i Rada Polityki PieniÄ™Å¼nej zarzÄ…dzaÅ‚y Å›wiatem, to byÅ›my Å¼yli w o wiele lepszym Å›wiâ€¦",0
49,"@DWielowieyska ProszÄ™ chociaÅ¼ nie kÅ‚amaÄ‡ a Balcerowicz odchodziÅ‚ z NBP w styczniu 2007 roku, gdy bezrobocie wynosiÅ‚o 15,1 %. ProszÄ™ go zapytaÄ‡, ile obecnie wynosiÅ‚yby stopy %, gdyby byÅ‚ prezesem NBP?  Obecne podwyÅ¼ki % sÄ… bardzo delikatne. https://t.co/mx7OmkIqTE. https://t.co/2Zk8DLPNDV",0
50,"RT @RadekOwczarek: @DWielowieyska @KarnowskiJakub Przypisuje Pani @DWielowieyska w sowim tekÅ›cie, p. NBP, GlapiÅ„skiemu pomyÅ‚kÄ™ w ocenie sytâ€¦",0
51,@pisorgpl @MorawieckiM Pytanie skÄ…d w dobie kryzysu i inflacji wezmÄ… pieniÄ…dze.NBP glapinskiego zacznie dolary drukowaÄ‡?,0
52,"@matbabiarz No, ale powiem Ci, Å¼e kiedy Rada Polityki PieniÄ™Å¼nej i wbrew pozorom NBP robiÄ… jedno by obniÅ¼yÄ‡ inflacjÄ™, a rzÄ…d bawi siÄ™ w dodatkowe wydatki budÅ¼etowe, to ja jestem w szoku, Å¼e mamy to co mamy...

xD",0
53,"@DWielowieyska W czasach kiedy Balcerowicz byÅ‚ prezesem NBP w Polsce szalaÅ‚o 20% bezrobocie. Niska inflacja w takim przypadku nie jest Å¼adnym wyczynem, ani zasÅ‚ugÄ… Balcerowicza. OczywiÅ›cie rzÄ…d politykÄ… lockdownowÄ… doprowadziÅ‚ do kryzysu, ale to samo zrobiÅ‚aby PO nawet majÄ…c Balcerowicza w NBP",0
54,"@DWielowieyska Balcerowicz zasÅ‚uguje na szacunek. ByÅ‚ Å›rednim politykiem, dobrym prezesem NBP i bardzo dobrym publicystÄ…. JeÅ›li chodzi o transformacjÄ™ popeÅ‚niono tam sporo bÅ‚Ä™dÃ³w i on gÅ‚Ã³wnie dawaÅ‚ twarz, a wszystkie plany miaÅ‚y wielu ojcÃ³w. Nie zapomnijmy jednak przede wszystkim o Wilczku!",0
55,"RT @GrzelinskMa: ""Zapewniam paÅ„stwa, Å¼e gdyby zarzÄ…d NBP i Rada Polityki PieniÄ™Å¼nej zarzÄ…dzaÅ‚y Å›wiatem, to byÅ›my Å¼yli w o wiele lepszym Å›wiâ€¦",0
56,"RT @GrzelinskMa: ""Zapewniam paÅ„stwa, Å¼e gdyby zarzÄ…d NBP i Rada Polityki PieniÄ™Å¼nej zarzÄ…dzaÅ‚y Å›wiatem, to byÅ›my Å¼yli w o wiele lepszym Å›wiâ€¦",0
57,"RT @GrzelinskMa: ""Zapewniam paÅ„stwa, Å¼e gdyby zarzÄ…d NBP i Rada Polityki PieniÄ™Å¼nej zarzÄ…dzaÅ‚y Å›wiatem, to byÅ›my Å¼yli w o wiele lepszym Å›wiâ€¦",0
58,"@DziennikPL Tusk:
- Prezydentowi RP sugeruje sznur i gaÅ‚Ä…Åº
- wzywa do Å‚amania konstytucji przez bezprawne usuniecie prezesa NBP prof. Glapinskiego
- pomawia rzÄ…d o okradanie PolakÃ³w
- wzywa do wojny domowej przez wychodzenie na ulice",0
59,"RT @BogatyMen: #TeamBogaty opublikowaÅ‚ nowe KOTy vol 45/2022.

A w nich m. in o #FTX i #NBP , #Inflacja w US i UK

dane za 
@Schuldensuehneâ€¦",0
60,"@DWielowieyska @KarnowskiJakub Przypisuje Pani @DWielowieyska w sowim tekÅ›cie, p. NBP, GlapiÅ„skiemu pomyÅ‚kÄ™ w ocenie sytuacji i utrzymywaniu niskich stÃ³p %.
To nie jest prawda. On siÄ™ w niczym nie pomyliÅ‚. DziaÅ‚ania GlapiÅ„skiego miaÅ‚o cel polityczny - sprawiÄ‡ uÅ‚udÄ™ dobrobytu. ByÅ‚o celowe i zamierzone ğŸ‘‡ https://t.co/7GoW0ZDx2I",0
61,@TomekNarkun Czy NBP publikuje rÃ³wnieÅ¼ mediany cen transakcyjnych? To byÅ‚oby o wiele ciekawsze.,0
62,"@DWitowski @CTomczyk Obajtek , kaczka i prezes NBP",0
63,"RT @BratProfCzelawy: KtoÅ› mi powie, jak ta tÄ™pa baba, ktÃ³ra nie umie napisaÄ‡ poprawnie jednego zdania, zostaÅ‚a profesorem, prezesem NBP i pâ€¦",0
64,"RT @burchart_piotr: @Anna1Kwiecien PrzecieÅ¼ w przyszÅ‚ym roku NBP zaÅ‚oÅ¼yÅ‚ wzrost gospodarczy na poziomie 0,7%. Wiesz kobieto czym to skutkujâ€¦",0
65,"RT @GrzelinskMa: ""Zapewniam paÅ„stwa, Å¼e gdyby zarzÄ…d NBP i Rada Polityki PieniÄ™Å¼nej zarzÄ…dzaÅ‚y Å›wiatem, to byÅ›my Å¼yli w o wiele lepszym Å›wiâ€¦",0
66,RT @MBalawelder: jeszcze ktos daje sie nabierac ZE PIS COS PODWYZSZA ?  euro kosztowalo niedawno 3.40 a inflacja byla 2 % ... podwyzka pensâ€¦,0
67,@prezydentpl @AndrzejDuda TeÅ¼ bym wam nie daÅ‚ pieniÄ™dzy. Jak moÅ¼na daÄ‡ pieniÄ…dze komuÅ› kto nie umie rzÄ…dziÄ‡ krajem a do tego propaguje patologiÄ™ w kraju. JastrzÄ…b rzÄ…dzÄ…cy NBP bez odpowiedniego wyksztaÅ‚cenia to tak jak dziecku daÄ‡ zapaÅ‚ki.,0
68,"RT @BratProfCzelawy: KtoÅ› mi powie, jak ta tÄ™pa baba, ktÃ³ra nie umie napisaÄ‡ poprawnie jednego zdania, zostaÅ‚a profesorem, prezesem NBP i pâ€¦",0
69,"@MarcinPalade ZapomniaÅ‚ o zÅ‚otÃ³wce, czy z racji, ze to Niemiec to nasz jastrzÄ…b z @nbp nie chciaÅ‚ z nim gadaÄ‡?!",0
70,"RT @GrzelinskMa: ""Zapewniam paÅ„stwa, Å¼e gdyby zarzÄ…d NBP i Rada Polityki PieniÄ™Å¼nej zarzÄ…dzaÅ‚y Å›wiatem, to byÅ›my Å¼yli w o wiele lepszym Å›wiâ€¦",0
71,"@JanDziekonski Czyli ogÃ³lnie, jeÅ›li chodzi o ceny transakcyjne jest wiÄ™kszy stedni wzrost 3q vs 2q niÅ¼ 2q vs 1 q... a pamiÄ™tam jak po publikacji danych NBP za 2q byÅ‚ wrzask Å¼e dane sÄ… opÃ³Åºnione i Å¼e korekty juÅ¼ sÄ… straszne. Zobaczycie co bÄ™dzie jak NBP pokaÅ¼e 3q. No i zobaczyliÅ›my...",0
72,"""Zapewniam paÅ„stwa, Å¼e gdyby zarzÄ…d NBP i Rada Polityki PieniÄ™Å¼nej zarzÄ…dzaÅ‚y Å›wiatem, to byÅ›my Å¼yli w o wiele lepszym Å›wiecie."" Adam GlapiÅ„ski
( Zdj. z Fb) https://t.co/M1Ybg75K4R",0
73,@AnnaPater7 @Dorota27484074 CaÅ‚y program to osiem gwiazdek i dorwanie siÄ™ do Orlenu i skarbca NBP!,0
74,Edukacja Na Rzecz Systemu Finansowego ? Otwarcie Salonu Ekonomicznego Nbp W Krakowie wiadomoÅ›ci z ostatniej chwili &gt;&gt; https://t.co/sAi4J9UbLd #WiadomoÅ›ci #Edukacjanarzeczsystemufinansowego?Otwarciesalonuekonomicznegonbpwkrakowie #moboblog,0
75,"@TweetyBoga NBP nie spodziewa siÄ™ zimy do maja. Potem tak, ale tylko na pÅ‚askowyÅ¼u w Patagonii.",0
76,Edukacja Na Rzecz Systemu Finansowego  Otwarcie Salonu Ekonomicznego Nbp W Krakowie wiadomoÅ›ci z ostatniej chwili &gt;&gt; https://t.co/BShcM5TeW1 #WiadomoÅ›ci #Edukacjanarzeczsystemufinansowegootwarciesalonuekonomicznegonbpwkrakowie #moboblog,0
77,"@Money_pl ""My w tej chwili Å¼adnej poÅ¼yczki nie bierzemy - jako kraj, jako Narodowy Bank Polski. Å»adnej. To do nas przychodzi caÅ‚y Å›wiat i chce od nas poÅ¼yczaÄ‡ - podkreÅ›liÅ‚ szef NBP."" Wychodzi na to, Å¼e ten cholerny Å›wiat zbyt duÅ¼o od nas poÅ¼yczyÅ‚ i teraz nam zaczyna  brakowaÄ‡ğŸ™ƒ",0
78,Zysk Nbp wiadomoÅ›ci z ostatniej chwili &gt;&gt; https://t.co/h9bxHv4jl5 #WiadomoÅ›ci #Zysknbp #moboblog,0
79,@Leszczyna @SasinJacek NBP i Wojsko Polskie teÅ¼ sprzeda? To musiaÅ‚by siÄ™ nazywaÄ‡ Tusk albo Pawlak.,0
80,"Prezes NBP: Szczyt inflacji w lato, powrÃ³t do celu w 2024 r &gt;&gt; https://t.co/jdKdBbJ4GH  #Prezes #NBP: #Szczyt #inflacji #w #lato, #powrÃ³t #do #celu #w #2024 #r",0
81,DABE NBP: Inflacja wrÃ³ci do pasma odchyleÅ„ od celu w koÅ„cÃ³wce 2024 r &gt;&gt; https://t.co/9HyhjoyU5s  #DABE #NBP: #Inflacja #wrÃ³ci #do #pasma #odchyleÅ„ #od #celu #w #koÅ„cÃ³wce #2024 #r,0
82,Prezes NBP: Moment zacieÅ›niania polityki pieniÄ™Å¼nej wÅ‚aÅ›ciwy z punktu widzenia Ã³wczesnych danych &gt;&gt; https://t.co/yo7JP27KXt  #Prezes #NBP: #Moment #zacieÅ›niania #polityki #pieniÄ™Å¼nej #wÅ‚aÅ›ciwy #z #punktu #widzenia #Ã³wczesnych #danych,0
83,"RT @BratProfCzelawy: KtoÅ› mi powie, jak ta tÄ™pa baba, ktÃ³ra nie umie napisaÄ‡ poprawnie jednego zdania, zostaÅ‚a profesorem, prezesem NBP i pâ€¦",0
84,"RT @BratProfCzelawy: KtoÅ› mi powie, jak ta tÄ™pa baba, ktÃ³ra nie umie napisaÄ‡ poprawnie jednego zdania, zostaÅ‚a profesorem, prezesem NBP i pâ€¦",0
85,@mgr_ewa ProponujÄ™ podjÄ…Ä‡ refleksjÄ™ na temat trwajÄ…cej od poczÄ…tku gospodarki rynkowej rÃ³Å¼nicy m/ stopami procentowymi #NBP a #ÄŒNB i zapytaÄ‡ kogo czy co za to obwinimy. Potem zobaczyÄ‡ gdzie bliÅ¼ej stopie procentowej #ÄŒNB -do #DBB czÄ™Å›ci Europejskiego Systemu BankÃ³w Centralnych czy do #NBP,0
86,"RT @BCCorg: PrawdopodobieÅ„stwo recesji w 2023 jest niewielkie, uwaÅ¼a gÅ‚Ã³wny ekonomista #BCC prof. StanisÅ‚aw GomuÅ‚ka. ObniÅ¼enie inflacji CPIâ€¦",0
87,"@tkaz1313 @TomaszBorejza Tak

To nie jest dÅ‚ug PolakÃ³w, to dÅ‚ug emitenta PLN *wobec PolakÃ³w*: PL emituje z niczego PLN i obligacje i obiecuje Å¼e... zamieni jedne na drugie. Ot i caÅ‚y â€œdÅ‚ugâ€

Raty sa ustalane przez NBP

https://t.co/J9RXJ2MlB3

https://t.co/egL0KgcwES

https://t.co/PXUV2FAPhT",0
88,RT @MBalawelder: jeszcze ktos daje sie nabierac ZE PIS COS PODWYZSZA ?  euro kosztowalo niedawno 3.40 a inflacja byla 2 % ... podwyzka pensâ€¦,0
89,"RT @BratProfCzelawy: KtoÅ› mi powie, jak ta tÄ™pa baba, ktÃ³ra nie umie napisaÄ‡ poprawnie jednego zdania, zostaÅ‚a profesorem, prezesem NBP i pâ€¦",0
90,"RT @BratProfCzelawy: KtoÅ› mi powie, jak ta tÄ™pa baba, ktÃ³ra nie umie napisaÄ‡ poprawnie jednego zdania, zostaÅ‚a profesorem, prezesem NBP i pâ€¦",0
91,"RT @BratProfCzelawy: KtoÅ› mi powie, jak ta tÄ™pa baba, ktÃ³ra nie umie napisaÄ‡ poprawnie jednego zdania, zostaÅ‚a profesorem, prezesem NBP i pâ€¦",0
92,"RT @BratProfCzelawy: KtoÅ› mi powie, jak ta tÄ™pa baba, ktÃ³ra nie umie napisaÄ‡ poprawnie jednego zdania, zostaÅ‚a profesorem, prezesem NBP i pâ€¦",0
93,"RT @BratProfCzelawy: KtoÅ› mi powie, jak ta tÄ™pa baba, ktÃ³ra nie umie napisaÄ‡ poprawnie jednego zdania, zostaÅ‚a profesorem, prezesem NBP i pâ€¦",0
94,"RT @BratProfCzelawy: KtoÅ› mi powie, jak ta tÄ™pa baba, ktÃ³ra nie umie napisaÄ‡ poprawnie jednego zdania, zostaÅ‚a profesorem, prezesem NBP i pâ€¦",0
95,"RT @BratProfCzelawy: KtoÅ› mi powie, jak ta tÄ™pa baba, ktÃ³ra nie umie napisaÄ‡ poprawnie jednego zdania, zostaÅ‚a profesorem, prezesem NBP i pâ€¦",0
96,@Witek99624689 Spadnie inflacja? Bo Prezes NBP tak prognozuje? ğŸ˜†,0
97,"RT @BogatyMen: #TeamBogaty opublikowaÅ‚ nowe KOTy vol 45/2022.

A w nich m. in o #FTX i #NBP , #Inflacja w US i UK

dane za 
@Schuldensuehneâ€¦",0
98,"RT @TomekNarkun: Wzrost cen transakcyjnych nowych mieszkaÅ„ przez ostatnie 5 lat.
Dane: NBP (3q17 do 3q22) https://t.co/WBq7HMeMJQ",0
99,RT @TomekNarkun: Najnowsze dane NBP dotyczÄ…ce Å›rednich cen transakcyjnych nowych mieszkaÅ„ w 3 kwartale 2022 r. https://t.co/L51k3a0hYo,0
